<TemplatesExport>
  <Template uid="da01ee7a-56b8-4657-93fb-bf5b1d228419" text="throw new System.NotImplementedException(&quot;$END$&quot;);" shortcut="thrni" description="throw new NotImplementedException" reformat="true" shortenQualifiedReferences="true">
    <Context>
      <CSharpContext context="Statement" minimumLanguageVersion="2.0" />
    </Context>
    <Categories />
    <Variables />
    <CustomProperties />
  </Template>
  <Template uid="4fe42bb3-a007-44de-9970-d6dfc87b7f27" text="[NUnit.Framework.TestAttribute]&#xD;&#xA;public void $END$()&#xD;&#xA;{&#xD;&#xA;    &#xD;&#xA;}" shortcut="nt" description="NUnit test template" reformat="true" shortenQualifiedReferences="true">
    <Context>
      <CSharpContext context="TypeMember" minimumLanguageVersion="2.0" />
    </Context>
    <Categories>
      <Category name="Unit Testing" />
    </Categories>
    <Variables />
    <CustomProperties />
  </Template>
  <Template uid="8636403d-d4cc-44fa-81db-3165ab881414" text="// [TO$DATE$@$TIME$] $END$" shortcut="tomc" description="Tom comment" reformat="true" shortenQualifiedReferences="true">
    <Context>
      <CSharpContext context="Everywhere" minimumLanguageVersion="2.0" />
    </Context>
    <Categories>
      <Category name="Comments" />
    </Categories>
    <Variables>
      <Variable name="DATE" expression="getCurrentDate(&quot;yyMMdd&quot;)" initialRange="-1" />
      <Variable name="TIME" expression="getCurrentTime(&quot;HHmm&quot;)" initialRange="-1" />
    </Variables>
    <CustomProperties />
  </Template>
  <Template uid="dde17f85-623b-4726-a635-315cbd6dea6d" text="// QUESTION [TO$DATE$@$TIME$] $END$" shortcut="tomq" description="Tom question" reformat="true" shortenQualifiedReferences="true">
    <Context>
      <CSharpContext context="Everywhere" minimumLanguageVersion="2.0" />
    </Context>
    <Categories>
      <Category name="Comments" />
    </Categories>
    <Variables>
      <Variable name="DATE" expression="getCurrentDate(&quot;yyMMdd&quot;)" initialRange="-1" />
      <Variable name="TIME" expression="getCurrentTime(&quot;HHmm&quot;)" initialRange="-1" />
    </Variables>
    <CustomProperties />
  </Template>
  <Template uid="2aaa9344-6654-41ef-b2d5-422a19b21799" text="// HACK [TO$DATE$@$TIME$] $END$" shortcut="hack" description="HACK comment" reformat="true" shortenQualifiedReferences="true">
    <Context>
      <CSharpContext context="Statement" minimumLanguageVersion="2.0" />
    </Context>
    <Categories>
      <Category name="Comments" />
    </Categories>
    <Variables>
      <Variable name="DATE" expression="getCurrentDate(&quot;yyMMdd&quot;)" initialRange="-1" />
      <Variable name="TIME" expression="getCurrentTime(&quot;HHmm&quot;)" initialRange="-1" />
    </Variables>
    <CustomProperties />
  </Template>
  <Template uid="3d8108e9-3742-4c3d-8b86-9c7ae1ee999b" text="Expect.Call($OBJECT_METHOD$).Return($RETURN_VALUE$);" shortcut="mec" description="ExpectCall" reformat="true" shortenQualifiedReferences="true">
    <Context>
      <CSharpContext context="Statement" minimumLanguageVersion="2.0" />
    </Context>
    <Categories>
      <Category name="Unit Testing" />
    </Categories>
    <Variables>
      <Variable name="OBJECT_METHOD" expression="" initialRange="0" />
      <Variable name="RETURN_VALUE" expression="" initialRange="0" />
    </Variables>
    <CustomProperties />
  </Template>
  <Template uid="1b23032d-7ce9-4a88-96c5-b67bedd9d1af" text="$object$.$Event$ += null;&#xD;&#xA;                Rhino.Mocks.LastCall.IgnoreArguments();" shortcut="mockEvent" description="mocks out the event call." reformat="true" shortenQualifiedReferences="true">
    <Context>
      <CSharpContext context="Expression" minimumLanguageVersion="2.0" />
    </Context>
    <Categories>
      <Category name="Unit Testing" />
    </Categories>
    <Variables>
      <Variable name="object" expression="" initialRange="0" />
      <Variable name="Event" expression="" initialRange="0" />
    </Variables>
    <CustomProperties />
  </Template>
  <Template uid="27eb753c-8451-489d-8616-6dda0362f195" text="NUnit.Framework.Assert.That($ACTUAL$, $CONSTRAINT$);" shortcut="nat" description="NUnit Assert.That" reformat="true" shortenQualifiedReferences="true">
    <Context>
      <CSharpContext context="Statement" minimumLanguageVersion="2.0" />
    </Context>
    <Categories>
      <Category name="Unit Testing" />
    </Categories>
    <Variables>
      <Variable name="ACTUAL" expression="" initialRange="0" />
      <Variable name="CONSTRAINT" expression="" initialRange="0" />
    </Variables>
    <CustomProperties />
  </Template>
  <Template uid="894c3dd4-e554-4079-8671-2c12267a09fc" text="NUnit.Framework.SyntaxHelpers.Is.EqualTo($EXPECTED$)" shortcut="nis" description="Is.EqualTo()" reformat="true" shortenQualifiedReferences="true">
    <Context>
      <CSharpContext context="Expression" minimumLanguageVersion="2.0" />
    </Context>
    <Categories>
      <Category name="Unit Testing" />
    </Categories>
    <Variables>
      <Variable name="EXPECTED" expression="" initialRange="0" />
    </Variables>
    <CustomProperties />
  </Template>
  <Template uid="d874d55f-6b25-4151-b048-03136b80cab6" text="= mocks.CreateMock&lt;$TYPE$&gt;();" shortcut="_mcm" description="" reformat="true" shortenQualifiedReferences="true">
    <Context>
      <CSharpContext context="Everywhere" minimumLanguageVersion="2.0" />
    </Context>
    <Categories>
      <Category name="Unit Testing" />
    </Categories>
    <Variables>
      <Variable name="TYPE" expression="guessExpectedType()" initialRange="0" />
    </Variables>
    <CustomProperties />
  </Template>
  <Template uid="e015b0ef-9ba9-468c-ac5c-3949742345fd" text="var mock$VARNAME$ = mocks.CreateMock&lt;$VARTYPE$&gt;();" shortcut="mcm" description="Get a mock object from Rhino.Mocks" reformat="true" shortenQualifiedReferences="true">
    <Context>
      <CSharpContext context="Everywhere" minimumLanguageVersion="2.0" />
    </Context>
    <Categories>
      <Category name="Unit Testing" />
    </Categories>
    <Variables>
      <Variable name="VARTYPE" expression="" initialRange="0" />
      <Variable name="VARNAME" expression="capitalize(VARTYPE)" initialRange="0" />
    </Variables>
    <CustomProperties />
  </Template>
  <Template uid="3df084c9-ba94-41f2-860f-9723f234b5e4" text="var mock$VARNAME$ = mocks.DynamicMock&lt;$VARTYPE$&gt;();" shortcut="mdm" description="Rhino.Mocks DynamicMock" reformat="true" shortenQualifiedReferences="true">
    <Context>
      <CSharpContext context="Statement" minimumLanguageVersion="2.0" />
    </Context>
    <Categories>
      <Category name="Unit Testing" />
    </Categories>
    <Variables>
      <Variable name="VARTYPE" expression="" initialRange="0" />
      <Variable name="VARNAME" expression="capitalize(VARTYPE)" initialRange="0" />
    </Variables>
    <CustomProperties />
  </Template>
  <Template uid="868b2b8e-4c98-4a87-b442-6a8b48245f65" text="(function($) {&#xD;&#xA;    $.fn.$FUNCTION_NAME$ = function() {&#xD;&#xA;		$END$&#xD;&#xA;    }&#xD;&#xA;})(jQuery);&#xD;&#xA;" shortcut="jqExt" description="jQuery Extension Method" reformat="false" shortenQualifiedReferences="false">
    <Context>
      <FileNameContext mask="*.*" />
    </Context>
    <Categories />
    <Variables>
      <Variable name="FUNCTION_NAME" expression="" initialRange="0" />
    </Variables>
    <CustomProperties />
  </Template>
  <Template uid="363500ef-965c-4db1-b26b-a3665a38e8ee" text="// TODO [TO$DATE$] $END$" shortcut="todo" description="" reformat="true" shortenQualifiedReferences="true">
    <Context>
      <CSharpContext context="Everywhere" minimumLanguageVersion="2.0" />
    </Context>
    <Categories>
      <Category name="Comments" />
    </Categories>
    <Variables>
      <Variable name="DATE" expression="getCurrentTime(&quot;yyMMdd@HHmm&quot;)" initialRange="-1" />
    </Variables>
    <CustomProperties />
  </Template>
  <Template uid="8f2179da-8459-44af-a300-77f8822a202e" text="// REFACTOR [TO$DATE$@$TIME$] $END$" shortcut="refactor" description="" reformat="true" shortenQualifiedReferences="true">
    <Context>
      <FileNameContext mask="*.cs;*.js" />
    </Context>
    <Categories>
      <Category name="Comments" />
    </Categories>
    <Variables>
      <Variable name="DATE" expression="getCurrentDate(&quot;yyMMdd&quot;)" initialRange="-1" />
      <Variable name="TIME" expression="getCurrentTime(&quot;HHmm&quot;)" initialRange="-1" />
    </Variables>
    <CustomProperties />
  </Template>
  <Template uid="3ee0aa22-f825-4253-a4a5-93011d70bb5e" text="public static IBusinessRule&lt;$DTO$&gt; $RULENAME$&#xD;&#xA;{&#xD;&#xA;    get&#xD;&#xA;    {&#xD;&#xA;        return new BusinessRule&lt;$DTO$&gt;(&#xD;&#xA;			&quot;$RULENUMBER$&quot;,&#xD;&#xA;            &quot;$RULENAMESPACE$.$RULENAME$&quot;,&#xD;&#xA;            &quot;$MESSAGE$&quot;,&#xD;&#xA;            $VARIABLE$ =&gt;&#xD;&#xA;				{&#xD;&#xA;					$END$&#xD;&#xA;					throw new NotImplementedException(&quot;$RULENAMESPACE$.$RULENAME$ not implemented.&quot;);&#xD;&#xA;                }&#xD;&#xA;			);&#xD;&#xA;    }&#xD;&#xA;}" shortcut="ibusinessrule" description="create a business rule" reformat="true" shortenQualifiedReferences="true">
    <Context>
      <CSharpContext context="TypeMember" minimumLanguageVersion="3.0" />
    </Context>
    <Categories />
    <Variables>
      <Variable name="DTO" expression="" initialRange="0" />
      <Variable name="RULENAME" expression="" initialRange="0" />
      <Variable name="RULENUMBER" expression="" initialRange="0" />
      <Variable name="RULENAMESPACE" expression="fileDefaultNamespace()" initialRange="-1" />
      <Variable name="MESSAGE" expression="" initialRange="0" />
      <Variable name="VARIABLE" expression="suggestVariableName()" initialRange="0" />
    </Variables>
    <CustomProperties />
  </Template>
</TemplatesExport>