<TemplatesExport>
  <Template uid="64ac7cc7-f6b4-43d9-a7cd-952ba1ce8ead" text="[NUnit.Framework.TestFixture]&#xD;&#xA;public class $CATEGORY$_$BUSINESSID$_$RULENAME$_Tests&#xD;&#xA;{&#xD;&#xA;	private IBusinessRule&lt;$ENTITY$&gt; rule;&#xD;&#xA;	&#xD;&#xA;	[NUnit.Framework.SetUp]&#xD;&#xA;	public void Setup()&#xD;&#xA;	{&#xD;&#xA;		rule = $INSTANCEOFRULE$;&#xD;&#xA;	}&#xD;&#xA;	&#xD;&#xA;    [NUnit.Framework.Test]&#xD;&#xA;    public void HasCorrectBusinessID()&#xD;&#xA;    {&#xD;&#xA;        Assert.That(rule.BusinessID, Is.EqualTo(&quot;$BUSINESSID$&quot;));&#xD;&#xA;    }&#xD;&#xA;&#xD;&#xA;    [NUnit.Framework.Test]&#xD;&#xA;    public void HasCorrectDescription()&#xD;&#xA;    {&#xD;&#xA;        Assert.That(rule.Description, Is.EqualTo(&quot;&quot;));&#xD;&#xA;    }&#xD;&#xA;    &#xD;&#xA;    $END$&#xD;&#xA;}" shortcut="businessruletestfixture" description="BusinessRuleTestFixtureClass" reformat="true" shortenQualifiedReferences="true">
    <Context>
      <CSharpContext context="Everywhere" minimumLanguageVersion="2.0" />
    </Context>
    <Categories />
    <Variables>
      <Variable name="CATEGORY" expression="" initialRange="0" />
      <Variable name="BUSINESSID" expression="" initialRange="0" />
      <Variable name="ENTITY" expression="" initialRange="0" />
      <Variable name="INSTANCEOFRULE" expression="" initialRange="0" />
      <Variable name="RULENAME" expression="" initialRange="0" />
    </Variables>
    <CustomProperties>
      <Property key="FileName" value="BusinssRuleTest" />
      <Property key="Extension" value="cs" />
      <Property key="ValidateFileName" value="True" />
    </CustomProperties>
  </Template>
</TemplatesExport>